{
	"credit": "Made with Blockbench",
	"texture_size": [32, 32],
	"textures": {
		"0": "nitdim:item/immortality_machine",
		"particle": "nitdim:item/immortality_machine"
	},
	"elements": [
		{
			"from": [6, 0, 0],
			"to": [10, 3, 4],
			"rotation": {"angle": 0, "axis": "y", "origin": [8, 2.5, 8]},
			"faces": {
				"north": {"uv": [0, 1, 4.5, 4.5], "texture": "#0"},
				"east": {"uv": [0, 1, 4.5, 4.5], "texture": "#0"},
				"south": {"uv": [0, 1, 4.5, 4.5], "texture": "#0"},
				"west": {"uv": [0, 1, 4.5, 4.5], "texture": "#0"},
				"up": {"uv": [4.5, 0, 9, 4.5], "texture": "#0"},
				"down": {"uv": [4.5, 0, 9, 4.5], "texture": "#0"}
			}
		},
		{
			"from": [7, 3, 1],
			"to": [9, 4, 3],
			"rotation": {"angle": 0, "axis": "y", "origin": [8, 2.5, 8]},
			"faces": {
				"north": {"uv": [0, 6, 3, 7.5], "texture": "#0"},
				"east": {"uv": [0, 6, 3, 7.5], "texture": "#0"},
				"south": {"uv": [0, 6, 3, 7.5], "texture": "#0"},
				"west": {"uv": [0, 6, 3, 7.5], "texture": "#0"},
				"up": {"uv": [0, 4.5, 3, 7.5], "texture": "#0"},
				"down": {"uv": [0, 4.5, 3, 7.5], "texture": "#0"}
			}
		},
		{
			"from": [7, 2.9, 1],
			"to": [9, 3.9, 3],
			"rotation": {"angle": -45, "axis": "y", "origin": [8, 2.4, 8]},
			"faces": {
				"north": {"uv": [0, 6, 3, 7.5], "texture": "#0"},
				"east": {"uv": [0, 6, 3, 7.5], "texture": "#0"},
				"south": {"uv": [0, 6, 3, 7.5], "texture": "#0"},
				"west": {"uv": [0, 6, 3, 7.5], "texture": "#0"},
				"up": {"uv": [0, 4.5, 3, 7.5], "texture": "#0"},
				"down": {"uv": [0, 4.5, 3, 7.5], "texture": "#0"}
			}
		},
		{
			"from": [6, -0.1, 0],
			"to": [10, 2.9, 4],
			"rotation": {"angle": -45, "axis": "y", "origin": [8, 2.4, 8]},
			"faces": {
				"north": {"uv": [0, 1, 4.5, 4.5], "texture": "#0"},
				"east": {"uv": [0, 1, 4.5, 4.5], "texture": "#0"},
				"south": {"uv": [0, 1, 4.5, 4.5], "texture": "#0"},
				"west": {"uv": [0, 1, 4.5, 4.5], "texture": "#0"},
				"up": {"uv": [4.5, 0, 9, 4.5], "texture": "#0"},
				"down": {"uv": [4.5, 0, 9, 4.5], "texture": "#0"}
			}
		},
		{
			"from": [12, -0.1, 6],
			"to": [16, 2.9, 10],
			"rotation": {"angle": -45, "axis": "y", "origin": [8, 2.4, 8]},
			"faces": {
				"north": {"uv": [0, 1, 4.5, 4.5], "texture": "#0"},
				"east": {"uv": [0, 1, 4.5, 4.5], "texture": "#0"},
				"south": {"uv": [0, 1, 4.5, 4.5], "texture": "#0"},
				"west": {"uv": [0, 1, 4.5, 4.5], "texture": "#0"},
				"up": {"uv": [4.5, 0, 9, 4.5], "rotation": 90, "texture": "#0"},
				"down": {"uv": [4.5, 0, 9, 4.5], "rotation": 270, "texture": "#0"}
			}
		},
		{
			"from": [13, 2.9, 7],
			"to": [15, 3.9, 9],
			"rotation": {"angle": -45, "axis": "y", "origin": [8, 2.4, 8]},
			"faces": {
				"north": {"uv": [0, 6, 3, 7.5], "texture": "#0"},
				"east": {"uv": [0, 6, 3, 7.5], "texture": "#0"},
				"south": {"uv": [0, 6, 3, 7.5], "texture": "#0"},
				"west": {"uv": [0, 6, 3, 7.5], "texture": "#0"},
				"up": {"uv": [0, 4.5, 3, 7.5], "rotation": 90, "texture": "#0"},
				"down": {"uv": [0, 4.5, 3, 7.5], "rotation": 270, "texture": "#0"}
			}
		},
		{
			"from": [12, 0, 6],
			"to": [16, 3, 10],
			"rotation": {"angle": 0, "axis": "y", "origin": [8, 2.5, 8]},
			"faces": {
				"north": {"uv": [0, 1, 4.5, 4.5], "texture": "#0"},
				"east": {"uv": [0, 1, 4.5, 4.5], "texture": "#0"},
				"south": {"uv": [0, 1, 4.5, 4.5], "texture": "#0"},
				"west": {"uv": [0, 1, 4.5, 4.5], "texture": "#0"},
				"up": {"uv": [4.5, 0, 9, 4.5], "rotation": 90, "texture": "#0"},
				"down": {"uv": [4.5, 0, 9, 4.5], "rotation": 270, "texture": "#0"}
			}
		},
		{
			"from": [0, -0.1, 6],
			"to": [4, 2.9, 10],
			"rotation": {"angle": -45, "axis": "y", "origin": [8, 2.4, 8]},
			"faces": {
				"north": {"uv": [0, 1, 4.5, 4.5], "texture": "#0"},
				"east": {"uv": [0, 1, 4.5, 4.5], "texture": "#0"},
				"south": {"uv": [0, 1, 4.5, 4.5], "texture": "#0"},
				"west": {"uv": [0, 1, 4.5, 4.5], "texture": "#0"},
				"up": {"uv": [4.5, 0, 9, 4.5], "rotation": 270, "texture": "#0"},
				"down": {"uv": [4.5, 0, 9, 4.5], "rotation": 90, "texture": "#0"}
			}
		},
		{
			"from": [1, 2.9, 7],
			"to": [3, 3.9, 9],
			"rotation": {"angle": -45, "axis": "y", "origin": [8, 2.4, 8]},
			"faces": {
				"north": {"uv": [0, 6, 3, 7.5], "texture": "#0"},
				"east": {"uv": [0, 6, 3, 7.5], "texture": "#0"},
				"south": {"uv": [0, 6, 3, 7.5], "texture": "#0"},
				"west": {"uv": [0, 6, 3, 7.5], "texture": "#0"},
				"up": {"uv": [0, 4.5, 3, 7.5], "rotation": 270, "texture": "#0"},
				"down": {"uv": [0, 4.5, 3, 7.5], "rotation": 90, "texture": "#0"}
			}
		},
		{
			"from": [0, 0, 6],
			"to": [4, 3, 10],
			"rotation": {"angle": 0, "axis": "y", "origin": [8, 2.5, 8]},
			"faces": {
				"north": {"uv": [0, 1, 4.5, 4.5], "texture": "#0"},
				"east": {"uv": [0, 1, 4.5, 4.5], "texture": "#0"},
				"south": {"uv": [0, 1, 4.5, 4.5], "texture": "#0"},
				"west": {"uv": [0, 1, 4.5, 4.5], "texture": "#0"},
				"up": {"uv": [4.5, 0, 9, 4.5], "rotation": 270, "texture": "#0"},
				"down": {"uv": [4.5, 0, 9, 4.5], "rotation": 90, "texture": "#0"}
			}
		},
		{
			"from": [6, 0, 12],
			"to": [10, 3, 16],
			"rotation": {"angle": 0, "axis": "y", "origin": [8, 2.5, 8]},
			"faces": {
				"north": {"uv": [0, 1, 4.5, 4.5], "texture": "#0"},
				"east": {"uv": [0, 1, 4.5, 4.5], "texture": "#0"},
				"south": {"uv": [0, 1, 4.5, 4.5], "texture": "#0"},
				"west": {"uv": [0, 1, 4.5, 4.5], "texture": "#0"},
				"up": {"uv": [4.5, 0, 9, 4.5], "rotation": 180, "texture": "#0"},
				"down": {"uv": [4.5, 0, 9, 4.5], "rotation": 180, "texture": "#0"}
			}
		},
		{
			"from": [7, 3, 13],
			"to": [9, 4, 15],
			"rotation": {"angle": 0, "axis": "y", "origin": [8, 2.5, 8]},
			"faces": {
				"north": {"uv": [0, 6, 3, 7.5], "texture": "#0"},
				"east": {"uv": [0, 6, 3, 7.5], "texture": "#0"},
				"south": {"uv": [0, 6, 3, 7.5], "texture": "#0"},
				"west": {"uv": [0, 6, 3, 7.5], "texture": "#0"},
				"up": {"uv": [0, 4.5, 3, 7.5], "rotation": 180, "texture": "#0"},
				"down": {"uv": [0, 4.5, 3, 7.5], "rotation": 180, "texture": "#0"}
			}
		},
		{
			"from": [7, 2.9, 13],
			"to": [9, 3.9, 15],
			"rotation": {"angle": -45, "axis": "y", "origin": [8, 2.4, 8]},
			"faces": {
				"north": {"uv": [0, 6, 3, 7.5], "texture": "#0"},
				"east": {"uv": [0, 6, 3, 7.5], "texture": "#0"},
				"south": {"uv": [0, 6, 3, 7.5], "texture": "#0"},
				"west": {"uv": [0, 6, 3, 7.5], "texture": "#0"},
				"up": {"uv": [0, 4.5, 3, 7.5], "rotation": 180, "texture": "#0"},
				"down": {"uv": [0, 4.5, 3, 7.5], "rotation": 180, "texture": "#0"}
			}
		},
		{
			"from": [6, -0.1, 12],
			"to": [10, 2.9, 16],
			"rotation": {"angle": -45, "axis": "y", "origin": [8, 2.4, 8]},
			"faces": {
				"north": {"uv": [0, 1, 4.5, 4.5], "texture": "#0"},
				"east": {"uv": [0, 1, 4.5, 4.5], "texture": "#0"},
				"south": {"uv": [0, 1, 4.5, 4.5], "texture": "#0"},
				"west": {"uv": [0, 1, 4.5, 4.5], "texture": "#0"},
				"up": {"uv": [4.5, 0, 9, 4.5], "rotation": 180, "texture": "#0"},
				"down": {"uv": [4.5, 0, 9, 4.5], "rotation": 180, "texture": "#0"}
			}
		},
		{
			"from": [12, 1.9, 7.9],
			"to": [16, 5.9, 10.9],
			"rotation": {"angle": 45, "axis": "z", "origin": [8, 3.9, 8.4]},
			"faces": {
				"north": {"uv": [4.5, 0, 9, 4.5], "rotation": 270, "texture": "#0"},
				"east": {"uv": [0, 1, 4.5, 4.5], "rotation": 90, "texture": "#0"},
				"south": {"uv": [4.5, 0, 9, 4.5], "rotation": 270, "texture": "#0"},
				"west": {"uv": [0, 1, 4.5, 4.5], "rotation": 270, "texture": "#0"},
				"up": {"uv": [0, 1, 4.5, 4.5], "texture": "#0"},
				"down": {"uv": [0, 1, 4.5, 4.5], "rotation": 180, "texture": "#0"}
			}
		},
		{
			"from": [13, 2.9, 6.9],
			"to": [15, 4.9, 7.9],
			"rotation": {"angle": 45, "axis": "z", "origin": [8, 3.9, 8.4]},
			"faces": {
				"north": {"uv": [0, 4.5, 3, 7.5], "rotation": 270, "texture": "#0"},
				"east": {"uv": [0, 6, 3, 7.5], "rotation": 90, "texture": "#0"},
				"south": {"uv": [0, 4.5, 3, 7.5], "rotation": 270, "texture": "#0"},
				"west": {"uv": [0, 6, 3, 7.5], "rotation": 270, "texture": "#0"},
				"up": {"uv": [0, 6, 3, 7.5], "texture": "#0"},
				"down": {"uv": [0, 6, 3, 7.5], "rotation": 180, "texture": "#0"}
			}
		},
		{
			"from": [11.9, 1.9, 7.8],
			"to": [15.9, 5.9, 10.8],
			"rotation": {"angle": 0, "axis": "z", "origin": [7.9, 3.9, 8.3]},
			"faces": {
				"north": {"uv": [4.5, 0, 9, 4.5], "rotation": 270, "texture": "#0"},
				"east": {"uv": [0, 1, 4.5, 4.5], "rotation": 90, "texture": "#0"},
				"south": {"uv": [4.5, 0, 9, 4.5], "rotation": 270, "texture": "#0"},
				"west": {"uv": [0, 1, 4.5, 4.5], "rotation": 270, "texture": "#0"},
				"up": {"uv": [0, 1, 4.5, 4.5], "texture": "#0"},
				"down": {"uv": [0, 1, 4.5, 4.5], "rotation": 180, "texture": "#0"}
			}
		},
		{
			"from": [6, 7.9, 7.8],
			"to": [10, 11.9, 10.8],
			"rotation": {"angle": 0, "axis": "z", "origin": [8, 3.9, 8.3]},
			"faces": {
				"north": {"uv": [4.5, 0, 9, 4.5], "texture": "#0"},
				"east": {"uv": [0, 1, 4.5, 4.5], "rotation": 90, "texture": "#0"},
				"south": {"uv": [4.5, 0, 9, 4.5], "rotation": 180, "texture": "#0"},
				"west": {"uv": [0, 1, 4.5, 4.5], "rotation": 270, "texture": "#0"},
				"up": {"uv": [0, 1, 4.5, 4.5], "texture": "#0"},
				"down": {"uv": [0, 1, 4.5, 4.5], "rotation": 180, "texture": "#0"}
			}
		},
		{
			"from": [7, 8.9, 6.8],
			"to": [9, 10.9, 7.8],
			"rotation": {"angle": 0, "axis": "z", "origin": [8, 3.9, 8.3]},
			"faces": {
				"north": {"uv": [0, 4.5, 3, 7.5], "texture": "#0"},
				"east": {"uv": [0, 6, 3, 7.5], "rotation": 90, "texture": "#0"},
				"south": {"uv": [0, 4.5, 3, 7.5], "rotation": 180, "texture": "#0"},
				"west": {"uv": [0, 6, 3, 7.5], "rotation": 270, "texture": "#0"},
				"up": {"uv": [0, 6, 3, 7.5], "texture": "#0"},
				"down": {"uv": [0, 6, 3, 7.5], "rotation": 180, "texture": "#0"}
			}
		},
		{
			"from": [12.9, 2.9, 6.8],
			"to": [14.9, 4.9, 7.8],
			"rotation": {"angle": 0, "axis": "z", "origin": [7.9, 3.9, 8.3]},
			"faces": {
				"north": {"uv": [0, 4.5, 3, 7.5], "rotation": 270, "texture": "#0"},
				"east": {"uv": [0, 6, 3, 7.5], "rotation": 90, "texture": "#0"},
				"south": {"uv": [0, 4.5, 3, 7.5], "rotation": 270, "texture": "#0"},
				"west": {"uv": [0, 6, 3, 7.5], "rotation": 270, "texture": "#0"},
				"up": {"uv": [0, 6, 3, 7.5], "texture": "#0"},
				"down": {"uv": [0, 6, 3, 7.5], "rotation": 180, "texture": "#0"}
			}
		},
		{
			"from": [6, 7.9, 7.9],
			"to": [10, 11.9, 10.9],
			"rotation": {"angle": 45, "axis": "z", "origin": [8, 3.9, 8.4]},
			"faces": {
				"north": {"uv": [4.5, 0, 9, 4.5], "texture": "#0"},
				"east": {"uv": [0, 1, 4.5, 4.5], "rotation": 90, "texture": "#0"},
				"south": {"uv": [4.5, 0, 9, 4.5], "rotation": 180, "texture": "#0"},
				"west": {"uv": [0, 1, 4.5, 4.5], "rotation": 270, "texture": "#0"},
				"up": {"uv": [0, 1, 4.5, 4.5], "texture": "#0"},
				"down": {"uv": [0, 1, 4.5, 4.5], "rotation": 180, "texture": "#0"}
			}
		},
		{
			"from": [7, 8.9, 6.9],
			"to": [9, 10.9, 7.9],
			"rotation": {"angle": 45, "axis": "z", "origin": [8, 3.9, 8.4]},
			"faces": {
				"north": {"uv": [0, 4.5, 3, 7.5], "texture": "#0"},
				"east": {"uv": [0, 6, 3, 7.5], "rotation": 90, "texture": "#0"},
				"south": {"uv": [0, 4.5, 3, 7.5], "rotation": 180, "texture": "#0"},
				"west": {"uv": [0, 6, 3, 7.5], "rotation": 270, "texture": "#0"},
				"up": {"uv": [0, 6, 3, 7.5], "texture": "#0"},
				"down": {"uv": [0, 6, 3, 7.5], "rotation": 180, "texture": "#0"}
			}
		},
		{
			"from": [0.1, 1.9, 7.8],
			"to": [4.1, 5.9, 10.8],
			"rotation": {"angle": 0, "axis": "z", "origin": [8.1, 3.9, 8.3]},
			"faces": {
				"north": {"uv": [4.5, 0, 9, 4.5], "rotation": 90, "texture": "#0"},
				"east": {"uv": [0, 1, 4.5, 4.5], "rotation": 90, "texture": "#0"},
				"south": {"uv": [4.5, 0, 9, 4.5], "rotation": 90, "texture": "#0"},
				"west": {"uv": [0, 1, 4.5, 4.5], "rotation": 270, "texture": "#0"},
				"up": {"uv": [0, 1, 4.5, 4.5], "texture": "#0"},
				"down": {"uv": [0, 1, 4.5, 4.5], "rotation": 180, "texture": "#0"}
			}
		},
		{
			"from": [1.1, 2.9, 6.8],
			"to": [3.1, 4.9, 7.8],
			"rotation": {"angle": 0, "axis": "z", "origin": [8.1, 3.9, 8.3]},
			"faces": {
				"north": {"uv": [0, 4.5, 3, 7.5], "rotation": 90, "texture": "#0"},
				"east": {"uv": [0, 6, 3, 7.5], "rotation": 90, "texture": "#0"},
				"south": {"uv": [0, 4.5, 3, 7.5], "rotation": 90, "texture": "#0"},
				"west": {"uv": [0, 6, 3, 7.5], "rotation": 270, "texture": "#0"},
				"up": {"uv": [0, 6, 3, 7.5], "texture": "#0"},
				"down": {"uv": [0, 6, 3, 7.5], "rotation": 180, "texture": "#0"}
			}
		},
		{
			"from": [5, 1.5, 5],
			"to": [11, 7.5, 11],
			"rotation": {"angle": 45, "axis": "x", "origin": [8, 4.5, 8]},
			"faces": {
				"north": {"uv": [0, 8, 8, 16], "texture": "#0"},
				"east": {"uv": [0, 8, 8, 16], "texture": "#0"},
				"south": {"uv": [0, 8, 8, 16], "texture": "#0"},
				"west": {"uv": [0, 8, 8, 16], "texture": "#0"},
				"up": {"uv": [0, 8, 8, 16], "texture": "#0"},
				"down": {"uv": [0, 8, 8, 16], "texture": "#0"}
			}
		},
		{
			"from": [11, 7.5, 11],
			"to": [5, 1.5, 5],
			"rotation": {"angle": 45, "axis": "x", "origin": [8, 4.5, 8]},
			"faces": {
				"north": {"uv": [0, 16, 8, 8], "texture": "#0"},
				"east": {"uv": [0, 16, 8, 8], "texture": "#0"},
				"south": {"uv": [0, 16, 8, 8], "texture": "#0"},
				"west": {"uv": [0, 16, 8, 8], "texture": "#0"},
				"up": {"uv": [0, 16, 8, 8], "texture": "#0"},
				"down": {"uv": [0, 16, 8, 8], "texture": "#0"}
			}
		},
		{
			"from": [5, 1.5, 5],
			"to": [11, 7.5, 11],
			"rotation": {"angle": -45, "axis": "z", "origin": [8, 4.5, 8]},
			"faces": {
				"north": {"uv": [0, 8, 8, 16], "texture": "#0"},
				"east": {"uv": [0, 8, 8, 16], "texture": "#0"},
				"south": {"uv": [0, 8, 8, 16], "texture": "#0"},
				"west": {"uv": [0, 8, 8, 16], "texture": "#0"},
				"up": {"uv": [0, 8, 8, 16], "texture": "#0"},
				"down": {"uv": [0, 8, 8, 16], "texture": "#0"}
			}
		},
		{
			"from": [6.5, 3, 6.5],
			"to": [9.5, 6, 9.5],
			"rotation": {"angle": 45, "axis": "y", "origin": [8, 4.5, 8]},
			"faces": {
				"north": {"uv": [8, 8, 16, 16], "texture": "#0"},
				"east": {"uv": [8, 8, 16, 16], "texture": "#0"},
				"south": {"uv": [8, 8, 16, 16], "texture": "#0"},
				"west": {"uv": [8, 8, 16, 16], "texture": "#0"},
				"up": {"uv": [8, 8, 16, 16], "texture": "#0"},
				"down": {"uv": [8, 8, 16, 16], "texture": "#0"}
			}
		},
		{
			"from": [11, 7.5, 11],
			"to": [5, 1.5, 5],
			"rotation": {"angle": -45, "axis": "z", "origin": [8, 4.5, 8]},
			"faces": {
				"north": {"uv": [0, 16, 8, 8], "texture": "#0"},
				"east": {"uv": [0, 16, 8, 8], "texture": "#0"},
				"south": {"uv": [0, 16, 8, 8], "texture": "#0"},
				"west": {"uv": [0, 16, 8, 8], "texture": "#0"},
				"up": {"uv": [0, 16, 8, 8], "texture": "#0"},
				"down": {"uv": [0, 16, 8, 8], "texture": "#0"}
			}
		}
	],
	"groups": [
		{
			"name": "portal",
			"origin": [8, 8, 8],
			"color": 0,
			"children": [0, 1, 2, 3, 4, 5, 6, 7, 8, 9, 10, 11, 12, 13]
		},
		{
			"name": "ring",
			"origin": [8, 8, 8],
			"color": 0,
			"children": [14, 15, 16, 17, 18, 19, 20, 21, 22, 23]
		},
		{
			"name": "crystal",
			"origin": [8, 8, 8],
			"color": 0,
			"children": [24, 25, 26, 27, 28]
		}
	]
}