{
	"credit": "Made with Blockbench",
	"texture_size": [32, 32],
	"textures": {
		"0": "nitdim:item/lightning_rod",
		"particle": "nitdim:item/lightning_rod"
	},
	"elements": [
		{
			"from": [4, 0, 0],
			"to": [12, 4, 16],
			"rotation": {"angle": 0, "axis": "y", "origin": [7, 0, 0]},
			"faces": {
				"north": {"uv": [0, 0, 4, 2], "texture": "#0"},
				"east": {"uv": [0, 0, 8, 2], "texture": "#0"},
				"south": {"uv": [0, 6, 4, 8], "texture": "#0"},
				"west": {"uv": [0, 0, 8, 2], "texture": "#0"},
				"up": {"uv": [0, 0, 4, 8], "texture": "#0"},
				"down": {"uv": [4, 0, 8, 8], "texture": "#0"}
			}
		},
		{
			"from": [5.5, 4, 2],
			"to": [10.5, 12, 7],
			"rotation": {"angle": -45, "axis": "y", "origin": [8, 8, 4.5]},
			"faces": {
				"north": {"uv": [5.5, 10.5, 8, 14.5], "texture": "#0"},
				"east": {"uv": [5.5, 10.5, 8, 14.5], "texture": "#0"},
				"south": {"uv": [5.5, 10.5, 8, 14.5], "texture": "#0"},
				"west": {"uv": [5.5, 10.5, 8, 14.5], "texture": "#0"},
				"up": {"uv": [5.5, 8, 8, 10.5], "texture": "#0"},
				"down": {"uv": [5.5, 8, 8, 10.5], "texture": "#0"}
			}
		},
		{
			"from": [3, 4, 9],
			"to": [13, 10, 15],
			"rotation": {"angle": 0, "axis": "x", "origin": [8, 7, 12]},
			"faces": {
				"north": {"uv": [0, 8, 5, 11], "texture": "#0"},
				"east": {"uv": [0, 11, 3, 14], "texture": "#0"},
				"south": {"uv": [0, 8, 5, 11], "texture": "#0"},
				"west": {"uv": [0, 11, 3, 14], "texture": "#0"},
				"up": {"uv": [0, 8, 5, 11], "texture": "#0"},
				"down": {"uv": [0, 8, 5, 11], "texture": "#0"}
			}
		},
		{
			"from": [8, 10, 10.5],
			"to": [11, 16, 13.5],
			"rotation": {"angle": 0, "axis": "y", "origin": [8, 10, 11.5]},
			"faces": {
				"north": {"uv": [14, 5, 15.5, 8], "texture": "#0"},
				"east": {"uv": [14, 5, 15.5, 8], "texture": "#0"},
				"south": {"uv": [14, 5, 15.5, 8], "texture": "#0"},
				"west": {"uv": [14, 5, 15.5, 8], "texture": "#0"},
				"up": {"uv": [14.25, 0.25, 15.75, 1.75], "texture": "#0"},
				"down": {"uv": [14.25, 0.25, 15.75, 1.75], "texture": "#0"}
			}
		},
		{
			"from": [6, 10, 11],
			"to": [8, 22, 13],
			"rotation": {"angle": 0, "axis": "y", "origin": [6, 10, 11]},
			"faces": {
				"north": {"uv": [12, 2, 13, 8], "texture": "#0"},
				"east": {"uv": [12, 2, 13, 8], "texture": "#0"},
				"south": {"uv": [12, 2, 13, 8], "texture": "#0"},
				"west": {"uv": [12, 2, 13, 8], "texture": "#0"},
				"up": {"uv": [12.5, 0.5, 13.5, 1.5], "texture": "#0"},
				"down": {"uv": [12.5, 0.5, 13.5, 1.5], "texture": "#0"}
			}
		},
		{
			"from": [7, 22, 11.5],
			"to": [8, 32, 12.5],
			"rotation": {"angle": 0, "axis": "y", "origin": [6.5, 20, 11]},
			"faces": {
				"north": {"uv": [8, 2, 8.5, 7], "texture": "#0"},
				"east": {"uv": [8, 2, 8.5, 7], "texture": "#0"},
				"south": {"uv": [8, 2, 8.5, 7], "texture": "#0"},
				"west": {"uv": [8, 2, 8.5, 7], "texture": "#0"},
				"up": {"uv": [8.5, 0.5, 9, 1], "texture": "#0"},
				"down": {"uv": [8.5, 0.5, 9, 1], "texture": "#0"}
			}
		},
		{
			"from": [8, 16, 11],
			"to": [10, 24, 13],
			"rotation": {"angle": 0, "axis": "y", "origin": [8, 16, 11]},
			"faces": {
				"north": {"uv": [8, 4, 9, 8], "texture": "#0"},
				"east": {"uv": [8, 4, 9, 8], "texture": "#0"},
				"south": {"uv": [8, 4, 9, 8], "texture": "#0"},
				"west": {"uv": [8, 4, 9, 8], "texture": "#0"},
				"up": {"uv": [8.5, 0.5, 9.5, 1.5], "texture": "#0"},
				"down": {"uv": [8.5, 0.5, 9.5, 1.5], "texture": "#0"}
			}
		},
		{
			"from": [5, 12, 1.5],
			"to": [11, 14, 7.5],
			"rotation": {"angle": -45, "axis": "y", "origin": [8, 13, 4.5]},
			"faces": {
				"north": {"uv": [5.5, 9.5, 8, 10], "texture": "#0"},
				"east": {"uv": [5.5, 9.5, 8, 10], "texture": "#0"},
				"south": {"uv": [5.5, 9.5, 8, 10], "texture": "#0"},
				"west": {"uv": [5.5, 9.5, 8, 10], "texture": "#0"},
				"up": {"uv": [5.5, 8, 8, 10.5], "texture": "#0"},
				"down": {"uv": [5.5, 8, 8, 10.5], "texture": "#0"}
			}
		}
	],
	"groups": [
		{
			"name": "lightning_rod",
			"origin": [7, 0, 0],
			"color": 0,
			"children": [0, 1, 2, 3, 4, 5, 6, 7]
		}
	]
}