{
	"credit": "Made with Blockbench",
	"texture_size": [48, 32],
	"textures": {
		"0": "nitdim:item/piglin_cage",
		"particle": "nitdim:item/piglin_cage"
	},
	"elements": [
		{
			"from": [0.5, 0, 0.5],
			"to": [15.5, 14, 15.5],
			"faces": {
				"north": {"uv": [5.33333, 9, 10.66667, 16], "texture": "#0"},
				"east": {"uv": [5.33333, 9, 10.66667, 16], "texture": "#0"},
				"south": {"uv": [5.33333, 9, 10.66667, 16], "texture": "#0"},
				"west": {"uv": [5.33333, 9, 10.66667, 16], "texture": "#0"}
			}
		},
		{
			"from": [16, 14, 16],
			"to": [0, 0, 0],
			"rotation": {"angle": 0, "axis": "y", "origin": [16, 14, 16]},
			"faces": {
				"north": {"uv": [5.33333, 16, 10.66667, 9], "texture": "#0"},
				"east": {"uv": [5.33333, 16, 10.66667, 9], "texture": "#0"},
				"south": {"uv": [5.33333, 16, 10.66667, 9], "texture": "#0"},
				"west": {"uv": [5.33333, 16, 10.66667, 9], "texture": "#0"}
			}
		},
		{
			"from": [-0.5, 0, -0.5],
			"to": [1.5, 14, 1.5],
			"rotation": {"angle": 0, "axis": "y", "origin": [-0.5, 0, -0.5]},
			"faces": {
				"north": {"uv": [7.66667, 8, 8.33333, 15], "texture": "#0"},
				"east": {"uv": [7.66667, 8, 8.33333, 15], "texture": "#0"},
				"south": {"uv": [7.66667, 8, 8.33333, 15], "texture": "#0"},
				"west": {"uv": [7.66667, 8, 8.33333, 15], "texture": "#0"}
			}
		},
		{
			"from": [-0.5, 0, 15],
			"to": [1.5, 14, 17],
			"rotation": {"angle": 0, "axis": "y", "origin": [-0.5, 0, 15]},
			"faces": {
				"north": {"uv": [7.66667, 8, 8.33333, 15], "texture": "#0"},
				"east": {"uv": [7.66667, 8, 8.33333, 15], "texture": "#0"},
				"south": {"uv": [7.66667, 8, 8.33333, 15], "texture": "#0"},
				"west": {"uv": [7.66667, 8, 8.33333, 15], "texture": "#0"}
			}
		},
		{
			"from": [14.5, 0, -0.5],
			"to": [16.5, 14, 1.5],
			"rotation": {"angle": 0, "axis": "y", "origin": [14.5, 0, -0.5]},
			"faces": {
				"north": {"uv": [7.66667, 8, 8.33333, 15], "texture": "#0"},
				"east": {"uv": [7.66667, 8, 8.33333, 15], "texture": "#0"},
				"south": {"uv": [7.66667, 8, 8.33333, 15], "texture": "#0"},
				"west": {"uv": [7.66667, 8, 8.33333, 15], "texture": "#0"}
			}
		},
		{
			"from": [14.5, 0, 14.5],
			"to": [16.5, 14, 16.5],
			"rotation": {"angle": 0, "axis": "y", "origin": [14.5, 0, 14.5]},
			"faces": {
				"north": {"uv": [7.66667, 8, 8.33333, 15], "texture": "#0"},
				"east": {"uv": [7.66667, 8, 8.33333, 15], "texture": "#0"},
				"south": {"uv": [7.66667, 8, 8.33333, 15], "texture": "#0"},
				"west": {"uv": [7.66667, 8, 8.33333, 15], "texture": "#0"}
			}
		},
		{
			"from": [4, 2, 0],
			"to": [12, 12, 1],
			"rotation": {"angle": 0, "axis": "y", "origin": [7, 3.5, -1]},
			"faces": {
				"north": {"uv": [10.66667, 0, 14, 7.25], "texture": "#0"},
				"south": {"uv": [10.66667, 0, 14, 7.25], "texture": "#0"}
			}
		},
		{
			"from": [3, 0, 13.5],
			"to": [13, 6, 19.5],
			"rotation": {"angle": 0, "axis": "y", "origin": [8, 3, 16.5]},
			"faces": {
				"north": {"uv": [0, 8, 3.33333, 11], "texture": "#0"},
				"east": {"uv": [0, 11, 2, 14], "texture": "#0"},
				"south": {"uv": [0, 8, 3.33333, 11], "texture": "#0"},
				"west": {"uv": [0, 11, 2, 14], "texture": "#0"},
				"up": {"uv": [0, 8, 3.33333, 11], "texture": "#0"},
				"down": {"uv": [0, 8, 3.33333, 11], "texture": "#0"}
			}
		},
		{
			"from": [8, 6, 15],
			"to": [11, 12, 18],
			"rotation": {"angle": 0, "axis": "y", "origin": [8, 6, 16]},
			"faces": {
				"north": {"uv": [9.33333, 5, 10.33333, 8], "texture": "#0"},
				"east": {"uv": [9.33333, 5, 10.33333, 8], "texture": "#0"},
				"south": {"uv": [9.33333, 5, 10.33333, 8], "texture": "#0"},
				"west": {"uv": [9.33333, 5, 10.33333, 8], "texture": "#0"},
				"up": {"uv": [9.5, 0.25, 10.5, 1.75], "texture": "#0"},
				"down": {"uv": [9.5, 0.25, 10.5, 1.75], "texture": "#0"}
			}
		},
		{
			"from": [6, 6, 15.5],
			"to": [8, 18, 17.5],
			"rotation": {"angle": 0, "axis": "y", "origin": [6, 6, 15.5]},
			"faces": {
				"north": {"uv": [8, 2, 8.66667, 8], "texture": "#0"},
				"east": {"uv": [8, 2, 8.66667, 8], "texture": "#0"},
				"south": {"uv": [8, 2, 8.66667, 8], "texture": "#0"},
				"west": {"uv": [8, 2, 8.66667, 8], "texture": "#0"},
				"up": {"uv": [8.33333, 0.5, 9, 1.5], "texture": "#0"},
				"down": {"uv": [8.33333, 0.5, 9, 1.5], "texture": "#0"}
			}
		},
		{
			"from": [8, 12, 15.5],
			"to": [10, 20, 17.5],
			"rotation": {"angle": 0, "axis": "y", "origin": [8, 12, 15.5]},
			"faces": {
				"north": {"uv": [5.33333, 4, 6, 8], "texture": "#0"},
				"east": {"uv": [5.33333, 4, 6, 8], "texture": "#0"},
				"south": {"uv": [5.33333, 4, 6, 8], "texture": "#0"},
				"west": {"uv": [5.33333, 4, 6, 8], "texture": "#0"},
				"up": {"uv": [5.66667, 0.5, 6.33333, 1.5], "texture": "#0"},
				"down": {"uv": [5.66667, 0.5, 6.33333, 1.5], "texture": "#0"}
			}
		},
		{
			"from": [7, 18, 16],
			"to": [8, 28, 17],
			"rotation": {"angle": 0, "axis": "y", "origin": [6.5, 16, 15.5]},
			"faces": {
				"north": {"uv": [5.33333, 2, 5.66667, 7], "texture": "#0"},
				"east": {"uv": [5.33333, 2, 5.66667, 7], "texture": "#0"},
				"south": {"uv": [5.33333, 2, 5.66667, 7], "texture": "#0"},
				"west": {"uv": [5.33333, 2, 5.66667, 7], "texture": "#0"},
				"up": {"uv": [5.66667, 0.5, 6, 1], "texture": "#0"},
				"down": {"uv": [5.66667, 0.5, 6, 1], "texture": "#0"}
			}
		},
		{
			"from": [-0.5, 14, -0.5],
			"to": [16.5, 16, 16.5],
			"rotation": {"angle": 0, "axis": "y", "origin": [7, 14.5, 0]},
			"faces": {
				"north": {"uv": [0, 0, 5.33333, 1], "texture": "#0"},
				"east": {"uv": [0, 0, 5.33333, 1], "texture": "#0"},
				"south": {"uv": [0, 0, 5.33333, 1], "texture": "#0"},
				"west": {"uv": [0, 0, 5.33333, 1], "texture": "#0"},
				"up": {"uv": [0, 0, 5.33333, 8], "texture": "#0"},
				"down": {"uv": [0, 0, 5.33333, 8], "texture": "#0"}
			}
		}
	],
	"groups": [
		{
			"name": "cage",
			"origin": [8, 8, 8],
			"color": 0,
			"children": [
				0,
				1,
				2,
				3,
				4,
				5,
				6,
				{
					"name": "rod",
					"origin": [6.5, 20, 11],
					"color": 0,
					"children": [7, 8, 9, 10, 11]
				},
				{
					"name": "top",
					"origin": [8, 8, 8],
					"color": 0,
					"children": [12]
				}
			]
		}
	]
}