{
	"credit": "Made with Blockbench",
	"texture_size": [32, 32],
	"textures": {
		"0": "nitdim:item/research_station",
		"particle": "nitdim:item/research_station"
	},
	"elements": [
		{
			"from": [0, 0, -3],
			"to": [16, 6, 13],
			"rotation": {"angle": 0, "axis": "y", "origin": [0, 0, -3]},
			"faces": {
				"north": {"uv": [8, 13, 16, 16], "texture": "#0"},
				"east": {"uv": [8, 13, 16, 16], "texture": "#0"},
				"south": {"uv": [8, 13, 16, 16], "texture": "#0"},
				"west": {"uv": [8, 13, 16, 16], "texture": "#0"},
				"down": {"uv": [8, 8, 16, 16], "texture": "#0"}
			}
		},
		{
			"from": [0, 6, 6.5],
			"to": [16, 16, 13],
			"rotation": {"angle": 0, "axis": "y", "origin": [0, 0, -3]},
			"faces": {
				"east": {"uv": [8.25, 8, 11.5, 13], "texture": "#0"},
				"south": {"uv": [8, 8, 16, 13], "texture": "#0"},
				"west": {"uv": [12.5, 8, 15.75, 13], "texture": "#0"},
				"up": {"uv": [8, 8.25, 16, 11.5], "texture": "#0"}
			}
		},
		{
			"from": [0.01, 6, -3],
			"to": [15.99, 21, 5],
			"rotation": {"angle": 45, "axis": "x", "origin": [1, 6, -3]},
			"faces": {
				"north": {"uv": [8, 0, 16, 8], "texture": "#0"},
				"east": {"uv": [2, 0, 6, 8], "texture": "#0"},
				"west": {"uv": [2, 0, 6, 8], "texture": "#0"}
			}
		},
		{
			"from": [0.5, 16, 6.5],
			"to": [6.5, 23, 12.5],
			"rotation": {"angle": 22.5, "axis": "y", "origin": [3.5, 21.75, 9.5]},
			"faces": {
				"north": {"uv": [2, 9.5, 5, 13], "texture": "#0"},
				"east": {"uv": [2, 9.5, 5, 13], "texture": "#0"},
				"south": {"uv": [2, 9.5, 5, 13], "texture": "#0"},
				"west": {"uv": [2, 9.5, 5, 13], "texture": "#0"},
				"up": {"uv": [2, 13, 5, 16], "texture": "#0"},
				"down": {"uv": [2, 13, 5, 16], "texture": "#0"}
			}
		},
		{
			"from": [1.5, 23, 7.5],
			"to": [5.5, 25, 11.5],
			"rotation": {"angle": 22.5, "axis": "y", "origin": [3.5, 21.75, 9.5]},
			"faces": {
				"north": {"uv": [2.5, 8.5, 4.5, 9.5], "texture": "#0"},
				"east": {"uv": [2.5, 8.5, 4.5, 9.5], "texture": "#0"},
				"south": {"uv": [2.5, 8.5, 4.5, 9.5], "texture": "#0"},
				"west": {"uv": [2.5, 8.5, 4.5, 9.5], "texture": "#0"},
				"up": {"uv": [2.5, 13.5, 4.5, 15.5], "texture": "#0"},
				"down": {"uv": [2.5, 13.5, 4.5, 15.5], "texture": "#0"}
			}
		},
		{
			"from": [12.5, 16, 7.5],
			"to": [14.5, 22, 9.5],
			"rotation": {"angle": 0, "axis": "y", "origin": [12.5, 16, 7.5]},
			"faces": {
				"north": {"uv": [5, 12, 6, 15], "texture": "#0"},
				"east": {"uv": [5, 12, 6, 15], "texture": "#0"},
				"south": {"uv": [5, 12, 6, 15], "texture": "#0"},
				"west": {"uv": [5, 12, 6, 15], "texture": "#0"},
				"up": {"uv": [5, 11, 6, 12], "texture": "#0"},
				"down": {"uv": [5, 15, 6, 16], "texture": "#0"}
			}
		},
		{
			"from": [13, 22, 8.5],
			"to": [14, 23, 8.5],
			"rotation": {"angle": 0, "axis": "y", "origin": [12.5, 22, 7.5]},
			"faces": {
				"north": {"uv": [5, 10.5, 5.5, 11], "texture": "#0"},
				"south": {"uv": [5, 10.5, 5.5, 11], "texture": "#0"}
			}
		}
	],
	"groups": [
		{
			"name": "controls",
			"origin": [8, 8, 8],
			"color": 0,
			"children": [0, 1]
		},
		{
			"name": "panel",
			"origin": [1, 6, 0],
			"color": 0,
			"children": [2]
		},
		{
			"name": "lantern",
			"origin": [8, 8, 8],
			"color": 0,
			"children": [3, 4]
		},
		{
			"name": "candle",
			"origin": [8, 8, 8],
			"color": 0,
			"children": [5, 6]
		}
	]
}