{
  "model": {
    "type": "minecraft:range_dispatch",
    "property": "minecraft:custom_model_data",
    "entries": [
      {
        "threshold": 8602005,
        "model": {
          "type": "minecraft:model",
          "model": "nitdim:item/shiny_artifact"
        }
      },
      {
        "threshold": 8602011,
        "model": {
          "type": "minecraft:model",
          "model": "nitdim:item/protection_stone"
        }
      }
    ],
    "index": 0,
    "fallback": {
      "type": "minecraft:model",
      "model": "minecraft:item/amethyst_shard"
    }
  }
}