{
  "model": {
    "type": "minecraft:range_dispatch",
    "property": "minecraft:custom_model_data",
    "entries": [
      {
        "threshold": 8602006,
        "model": {
          "type": "minecraft:model",
          "model": "nitdim:item/key_creeper"
        }
      },
      {
        "threshold": 8602007,
        "model": {
          "type": "minecraft:model",
          "model": "nitdim:item/key_hoglin"
        }
      },
      {
        "threshold": 8602008,
        "model": {
          "type": "minecraft:model",
          "model": "nitdim:item/key_spider"
        }
      }
    ],
    "index": 0,
    "fallback": {
      "type": "minecraft:model",
      "model": "minecraft:item/blaze_rod"
    }
  }
}