{
  "model": {
    "type": "minecraft:range_dispatch",
    "property": "minecraft:custom_model_data",
    "entries": [
      {
        "threshold": 8601019,
        "model": {
          "type": "minecraft:model",
          "model": "nitk:item/site_planner"
        }
      },
      {
        "threshold": 8601020,
        "model": {
          "type": "minecraft:model",
          "model": "nitk:item/war_planner"
        }
      },
      {
        "threshold": 8601021,
        "model": {
          "type": "minecraft:model",
          "model": "nitk:item/tower_planner"
        }
      },
      {
        "threshold": 8602011,
        "model": {
          "type": "minecraft:model",
          "model": "nitdim:item/ship_planner"
        }
      },
      {
        "threshold": 8602013,
        "model": {
          "type": "minecraft:model",
          "model": "nitdim:item/shaft_planner"
        }
      },
      {
        "threshold": 8602014,
        "model": {
          "type": "minecraft:model",
          "model": "nitdim:item/machine_planner"
        }
      }
    ],
    "index": 0,
    "fallback": {
      "type": "minecraft:model",
      "model": "minecraft:block/crafting_table"
    }
  }
}