{
  "model": {
    "type": "minecraft:range_dispatch",
    "property": "minecraft:custom_model_data",
    "entries": [
      {
        "threshold": 8601022,
        "model": {
          "type": "minecraft:model",
          "model": "nitk:item/ship_engine"
        }
      },
      {
        "threshold": 8602016,
        "model": {
          "type": "minecraft:model",
          "model": "nitdim:item/ship_engine"
        }
      }
    ],
    "index": 0,
    "fallback": {
      "type": "minecraft:model",
      "model": "minecraft:block/furnace"
    }
  }
}