{
  "model": {
    "type": "minecraft:range_dispatch",
    "property": "minecraft:custom_model_data",
    "entries": [
      {
        "threshold": 8601005,
        "model": {
          "type": "minecraft:model",
          "model": "nitk:item/undead_soul"
        }
      },
      {
        "threshold": 8601013,
        "model": {
          "type": "minecraft:model",
          "model": "nitk:item/end_invasion_plans"
        }
      }
    ],
    "index": 0,
    "fallback": {
      "type": "minecraft:model",
      "model": "minecraft:item/music_disc_13"
    }
  }
}