{
  "model": {
    "type": "minecraft:range_dispatch",
    "property": "minecraft:custom_model_data",
    "entries": [
      {
        "threshold": 8601000,
        "model": {
          "type": "minecraft:model",
          "model": "nitk:item/building_permit"
        }
      },
      {
        "threshold": 8601001,
        "model": {
          "type": "minecraft:model",
          "model": "nitk:item/tyrant_locus"
        }
      },
      {
        "threshold": 8601002,
        "model": {
          "type": "minecraft:model",
          "model": "nitk:item/lamp_permit"
        }
      },
      {
        "threshold": 8601003,
        "model": {
          "type": "minecraft:model",
          "model": "nitk:item/post_permit"
        }
      },
      {
        "threshold": 8601004,
        "model": {
          "type": "minecraft:model",
          "model": "nitk:item/bank_note"
        }
      }
    ],
    "index": 0,
    "fallback": {
      "type": "minecraft:model",
      "model": "minecraft:item/paper"
    }
  }
}