{
  "model": {
    "type": "minecraft:range_dispatch",
    "property": "minecraft:custom_model_data",
    "entries": [
      {
        "threshold": 8602001,
        "model": {
          "type": "minecraft:model",
          "model": "nitdim:item/fishing_dinghy"
        }
      },
      {
        "threshold": 8602002,
        "model": {
          "type": "minecraft:model",
          "model": "nitdim:item/clearview"
        }
      }
    ],
    "index": 0,
    "fallback": {
      "type": "minecraft:model",
      "model": "minecraft:item/spyglass"
    }
  }
}