{
  "model": {
    "type": "minecraft:range_dispatch",
    "property": "minecraft:custom_model_data",
    "entries": [
      {
        "threshold": 8602017,
        "model": {
          "type": "minecraft:model",
          "model": "nitdim:item/chandelier_key"
        }
      },
      {
        "threshold": 8602018,
        "model": {
          "type": "minecraft:model",
          "model": "nitdim:item/obelisk_key"
        }
      },
      {
        "threshold": 8602019,
        "model": {
          "type": "minecraft:model",
          "model": "nitdim:item/tower_key"
        }
      }
    ],
    "index": 0,
    "fallback": {
      "type": "minecraft:model",
      "model": "minecraft:item/trial_key"
    }
  }
}