{
	"credit": "Made with Blockbench",
	"texture_size": [32, 32],
	"textures": {
		"0": "nitk:item/drill_engine",
		"particle": "nitk:item/drill_engine"
	},
	"elements": [
		{
			"from": [0, 0, 0],
			"to": [16, 8, 16],
			"faces": {
				"north": {"uv": [0, 12, 8, 16], "texture": "#0"},
				"east": {"uv": [8, 12, 16, 16], "texture": "#0"},
				"south": {"uv": [8, 12, 16, 16], "texture": "#0"},
				"west": {"uv": [8, 12, 16, 16], "texture": "#0"},
				"up": {"uv": [0, 0, 8, 8], "texture": "#0"},
				"down": {"uv": [0, 0, 8, 8], "texture": "#0"}
			}
		},
		{
			"from": [1, 8, 0],
			"to": [15, 12, 16],
			"faces": {
				"north": {"uv": [0.5, 10, 7.5, 12], "texture": "#0"},
				"east": {"uv": [8, 10, 16, 12], "texture": "#0"},
				"south": {"uv": [8.5, 10, 15.5, 12], "texture": "#0"},
				"west": {"uv": [8, 10, 16, 12], "texture": "#0"},
				"up": {"uv": [0.5, 0, 7.5, 8], "texture": "#0"},
				"down": {"uv": [0.5, 0, 7.5, 8], "texture": "#0"}
			}
		},
		{
			"from": [2.5, 12, 0],
			"to": [13.5, 14, 16],
			"faces": {
				"north": {"uv": [1.25, 9, 6.75, 10], "texture": "#0"},
				"east": {"uv": [8, 9, 16, 10], "texture": "#0"},
				"south": {"uv": [9.25, 9, 14.75, 10], "texture": "#0"},
				"west": {"uv": [8, 9, 16, 10], "texture": "#0"},
				"up": {"uv": [1.25, 0, 6.75, 8], "texture": "#0"},
				"down": {"uv": [1.25, 0, 6.75, 8], "texture": "#0"}
			}
		},
		{
			"from": [4, 14, 0],
			"to": [12, 15, 16],
			"faces": {
				"north": {"uv": [2, 8.5, 6, 9], "texture": "#0"},
				"east": {"uv": [8, 8.5, 16, 9], "texture": "#0"},
				"south": {"uv": [10, 8.5, 14, 9], "texture": "#0"},
				"west": {"uv": [8, 8.5, 16, 9], "texture": "#0"},
				"up": {"uv": [2, 0, 6, 8], "texture": "#0"},
				"down": {"uv": [2, 0, 6, 8], "texture": "#0"}
			}
		},
		{
			"from": [2.5, -2, 0],
			"to": [13.5, 0, 16],
			"rotation": {"angle": 0, "axis": "y", "origin": [0, 16, 0]},
			"faces": {
				"north": {"uv": [1.25, 10, 6.75, 9], "texture": "#0"},
				"east": {"uv": [8, 10, 16, 9], "texture": "#0"},
				"south": {"uv": [9.25, 10, 14.75, 9], "texture": "#0"},
				"west": {"uv": [8, 10, 16, 9], "texture": "#0"},
				"up": {"uv": [1.25, 8, 6.75, 0], "texture": "#0"},
				"down": {"uv": [1.25, 8, 6.75, 0], "texture": "#0"}
			}
		},
		{
			"from": [4, -3, 0],
			"to": [12, -2, 16],
			"rotation": {"angle": 0, "axis": "y", "origin": [0, 16, 0]},
			"faces": {
				"north": {"uv": [2, 9, 6, 8.5], "texture": "#0"},
				"east": {"uv": [8, 9, 16, 8.5], "texture": "#0"},
				"south": {"uv": [10, 9, 14, 8.5], "texture": "#0"},
				"west": {"uv": [8, 9, 16, 8.5], "texture": "#0"},
				"up": {"uv": [2, 8, 6, 0], "texture": "#0"},
				"down": {"uv": [2, 8, 6, 0], "texture": "#0"}
			}
		},
		{
			"from": [-4, 3, 1],
			"to": [4, 5, 3],
			"rotation": {"angle": 0, "axis": "x", "origin": [8.75, 7, 8]},
			"faces": {
				"north": {"uv": [10, 4, 11, 0], "rotation": 90, "texture": "#0"},
				"east": {"uv": [11, 0, 12, 1], "rotation": 90, "texture": "#0"},
				"south": {"uv": [10, 4, 11, 0], "rotation": 270, "texture": "#0"},
				"west": {"uv": [11, 1, 12, 2], "rotation": 270, "texture": "#0"},
				"up": {"uv": [10, 4, 11, 0], "rotation": 270, "texture": "#0"},
				"down": {"uv": [10, 0, 11, 4], "rotation": 90, "texture": "#0"}
			}
		},
		{
			"from": [-4, 3, 3],
			"to": [-2, 5, 16],
			"rotation": {"angle": 0, "axis": "x", "origin": [8.75, 7, 8]},
			"faces": {
				"north": {"uv": [11, 0, 12, 1], "rotation": 90, "texture": "#0"},
				"east": {"uv": [10, 6.5, 11, 0], "rotation": 270, "texture": "#0"},
				"south": {"uv": [11, 1, 12, 2], "rotation": 270, "texture": "#0"},
				"west": {"uv": [10, 6.5, 11, 0], "rotation": 90, "texture": "#0"},
				"up": {"uv": [10, 6.5, 11, 0], "rotation": 180, "texture": "#0"},
				"down": {"uv": [10, 0, 11, 6.5], "rotation": 180, "texture": "#0"}
			}
		},
		{
			"from": [14, 0.25, 7],
			"to": [22, 4.25, 11],
			"rotation": {"angle": 0, "axis": "x", "origin": [8.75, 7, 8]},
			"faces": {
				"north": {"uv": [10, 0, 11, 4], "rotation": 90, "texture": "#0"},
				"east": {"uv": [12, 1, 11, 2], "rotation": 90, "texture": "#0"},
				"south": {"uv": [10, 0, 11, 4], "rotation": 270, "texture": "#0"},
				"west": {"uv": [12, 0, 11, 1], "rotation": 270, "texture": "#0"},
				"up": {"uv": [10, 0, 11, 4], "rotation": 270, "texture": "#0"},
				"down": {"uv": [10, 4, 11, 0], "rotation": 90, "texture": "#0"}
			}
		},
		{
			"from": [18, 0.25, 11],
			"to": [22, 4.25, 16],
			"rotation": {"angle": 0, "axis": "x", "origin": [8.75, 7, 8]},
			"faces": {
				"north": {"uv": [11, 1, 12, 0], "rotation": 90, "texture": "#0"},
				"east": {"uv": [11, 2.5, 10, 0], "rotation": 270, "texture": "#0"},
				"south": {"uv": [11, 2, 12, 1], "rotation": 270, "texture": "#0"},
				"west": {"uv": [11, 2.5, 10, 0], "rotation": 90, "texture": "#0"},
				"up": {"uv": [11, 2.5, 10, 0], "rotation": 180, "texture": "#0"},
				"down": {"uv": [11, 0, 10, 2.5], "rotation": 180, "texture": "#0"}
			}
		},
		{
			"from": [13.5, 8.5, 3],
			"to": [21.5, 10.5, 5],
			"rotation": {"angle": 0, "axis": "x", "origin": [8.75, 7, 8]},
			"faces": {
				"north": {"uv": [10, 0, 11, 4], "rotation": 90, "texture": "#0"},
				"east": {"uv": [12, 1, 11, 2], "rotation": 90, "texture": "#0"},
				"south": {"uv": [10, 0, 11, 4], "rotation": 270, "texture": "#0"},
				"west": {"uv": [12, 0, 11, 1], "rotation": 270, "texture": "#0"},
				"up": {"uv": [10, 0, 11, 4], "rotation": 270, "texture": "#0"},
				"down": {"uv": [10, 4, 11, 0], "rotation": 90, "texture": "#0"}
			}
		},
		{
			"from": [19.5, 8.5, 5],
			"to": [21.5, 10.5, 16],
			"rotation": {"angle": 0, "axis": "x", "origin": [8.75, 7, 8]},
			"faces": {
				"north": {"uv": [11, 1, 12, 0], "rotation": 90, "texture": "#0"},
				"east": {"uv": [11, 5.5, 10, 0], "rotation": 270, "texture": "#0"},
				"south": {"uv": [11, 2, 12, 1], "rotation": 270, "texture": "#0"},
				"west": {"uv": [11, 5.5, 10, 0], "rotation": 90, "texture": "#0"},
				"up": {"uv": [11, 5.5, 10, 0], "rotation": 180, "texture": "#0"},
				"down": {"uv": [11, 0, 10, 5.5], "rotation": 180, "texture": "#0"}
			}
		},
		{
			"from": [12, 11.5, 12],
			"to": [20, 14.5, 15],
			"rotation": {"angle": 0, "axis": "x", "origin": [8.75, 7, 8]},
			"faces": {
				"north": {"uv": [10, 0, 11, 4], "rotation": 90, "texture": "#0"},
				"east": {"uv": [12, 1, 11, 2], "rotation": 90, "texture": "#0"},
				"south": {"uv": [10, 0, 11, 4], "rotation": 270, "texture": "#0"},
				"west": {"uv": [12, 0, 11, 1], "rotation": 270, "texture": "#0"},
				"up": {"uv": [10, 0, 11, 4], "rotation": 270, "texture": "#0"},
				"down": {"uv": [10, 4, 11, 0], "rotation": 90, "texture": "#0"}
			}
		},
		{
			"from": [17, 11.5, 15],
			"to": [20, 14.5, 16],
			"rotation": {"angle": 0, "axis": "x", "origin": [8.75, 7, 8]},
			"faces": {
				"north": {"uv": [11, 1, 12, 0], "rotation": 90, "texture": "#0"},
				"east": {"uv": [11, 0.5, 10, 0], "rotation": 270, "texture": "#0"},
				"south": {"uv": [11, 2, 12, 1], "rotation": 270, "texture": "#0"},
				"west": {"uv": [11, 0.5, 10, 0], "rotation": 90, "texture": "#0"},
				"up": {"uv": [11, 0.5, 10, 0], "rotation": 180, "texture": "#0"},
				"down": {"uv": [11, 0, 10, 0.5], "rotation": 180, "texture": "#0"}
			}
		},
		{
			"from": [-3.5, 9.5, 3],
			"to": [4.5, 12.5, 6],
			"rotation": {"angle": 0, "axis": "x", "origin": [8.75, 7, 8]},
			"faces": {
				"north": {"uv": [10, 4, 11, 0], "rotation": 90, "texture": "#0"},
				"east": {"uv": [11, 0, 12, 1], "rotation": 90, "texture": "#0"},
				"south": {"uv": [10, 4, 11, 0], "rotation": 270, "texture": "#0"},
				"west": {"uv": [11, 1, 12, 2], "rotation": 270, "texture": "#0"},
				"up": {"uv": [10, 4, 11, 0], "rotation": 270, "texture": "#0"},
				"down": {"uv": [10, 0, 11, 4], "rotation": 90, "texture": "#0"}
			}
		},
		{
			"from": [-3.5, 9.5, 6],
			"to": [-0.5, 12.5, 16],
			"rotation": {"angle": 0, "axis": "x", "origin": [8.75, 7, 8]},
			"faces": {
				"north": {"uv": [11, 0, 12, 1], "rotation": 90, "texture": "#0"},
				"east": {"uv": [10, 5, 11, 0], "rotation": 270, "texture": "#0"},
				"south": {"uv": [11, 1, 12, 2], "rotation": 270, "texture": "#0"},
				"west": {"uv": [10, 5, 11, 0], "rotation": 90, "texture": "#0"},
				"up": {"uv": [10, 5, 11, 0], "rotation": 180, "texture": "#0"},
				"down": {"uv": [10, 0, 11, 5], "rotation": 180, "texture": "#0"}
			}
		},
		{
			"from": [10, 12.5, 2],
			"to": [13, 20.5, 5],
			"faces": {
				"north": {"uv": [8, 0, 9, 4], "texture": "#0"},
				"east": {"uv": [8, 0, 9, 4], "texture": "#0"},
				"south": {"uv": [8, 0, 9, 4], "texture": "#0"},
				"west": {"uv": [8, 0, 9, 4], "texture": "#0"},
				"up": {"uv": [9, 0, 10, 1], "texture": "#0"},
				"down": {"uv": [9, 1, 10, 2], "texture": "#0"}
			}
		},
		{
			"from": [5, 9.5, 5.5],
			"to": [7, 17.5, 7.5],
			"faces": {
				"north": {"uv": [8, 0, 9, 4], "texture": "#0"},
				"east": {"uv": [8, 0, 9, 4], "texture": "#0"},
				"south": {"uv": [8, 0, 9, 4], "texture": "#0"},
				"west": {"uv": [8, 0, 9, 4], "texture": "#0"},
				"up": {"uv": [9, 0, 10, 1], "texture": "#0"},
				"down": {"uv": [9, 1, 10, 2], "texture": "#0"}
			}
		},
		{
			"from": [6, 13.5, 10],
			"to": [10, 25.5, 14],
			"faces": {
				"north": {"uv": [8, 0, 9, 6], "texture": "#0"},
				"east": {"uv": [8, 0, 9, 6], "texture": "#0"},
				"south": {"uv": [8, 0, 9, 6], "texture": "#0"},
				"west": {"uv": [8, 0, 9, 6], "texture": "#0"},
				"up": {"uv": [9, 0, 10, 1], "texture": "#0"},
				"down": {"uv": [9, 1, 10, 2], "texture": "#0"}
			}
		}
	],
	"groups": [
		{
			"name": "drill_engine",
			"origin": [8, 8, 8],
			"color": 0,
			"nbt": "{}",
			"children": [0, 1, 2, 3, 4, 5]
		},
		{
			"name": "pipes",
			"origin": [8, 8, 8],
			"color": 0,
			"nbt": "{}",
			"children": [6, 7, 8, 9, 10, 11, 12, 13, 14, 15]
		},
		{
			"name": "smokestacks",
			"origin": [8, 8, 8],
			"color": 0,
			"nbt": "{}",
			"children": [16, 17, 18]
		}
	]
}