{
	"credit": "Made with Blockbench",
	"texture_size": [32, 32],
	"textures": {
		"0": "nitk:item/ghast_egg",
		"particle": "nitk:item/ghast_egg"
	},
	"elements": [
		{
			"from": [6, 15, 6],
			"to": [10, 16, 10],
			"faces": {
				"north": {"uv": [3, 7.5, 5, 8], "texture": "#0"},
				"east": {"uv": [3, 7.5, 5, 8], "texture": "#0"},
				"south": {"uv": [3, 7.5, 5, 8], "texture": "#0"},
				"west": {"uv": [3, 7.5, 5, 8], "texture": "#0"},
				"up": {"uv": [3, 3, 5, 5], "texture": "#0"}
			}
		},
		{
			"from": [5, 14, 5],
			"to": [11, 15, 11],
			"faces": {
				"north": {"uv": [2.5, 8, 5.5, 8.5], "texture": "#0"},
				"east": {"uv": [2.5, 8, 5.5, 8.5], "texture": "#0"},
				"south": {"uv": [2.5, 8, 5.5, 8.5], "texture": "#0"},
				"west": {"uv": [2.5, 8, 5.5, 8.5], "texture": "#0"},
				"up": {"uv": [2.5, 2.5, 5.5, 5.5], "texture": "#0"}
			}
		},
		{
			"from": [5, 13, 5],
			"to": [11, 14, 11],
			"faces": {
				"north": {"uv": [2.5, 8.5, 5.5, 9], "texture": "#0"},
				"east": {"uv": [2.5, 8.5, 5.5, 9], "texture": "#0"},
				"south": {"uv": [2.5, 8.5, 5.5, 9], "texture": "#0"},
				"west": {"uv": [2.5, 8.5, 5.5, 9], "texture": "#0"}
			}
		},
		{
			"from": [3, 11, 3],
			"to": [13, 13, 13],
			"faces": {
				"north": {"uv": [1.5, 9.5, 6.5, 10.5], "texture": "#0"},
				"east": {"uv": [1.5, 9.5, 6.5, 10.5], "texture": "#0"},
				"south": {"uv": [1.5, 9.5, 6.5, 10.5], "texture": "#0"},
				"west": {"uv": [1.5, 9.5, 6.5, 10.5], "texture": "#0"},
				"up": {"uv": [1.5, 1.5, 6.5, 6.5], "texture": "#0"}
			}
		},
		{
			"from": [2, 8, 2],
			"to": [14, 11, 14],
			"faces": {
				"north": {"uv": [1, 10.5, 7, 12], "texture": "#0"},
				"east": {"uv": [1, 10.5, 7, 12], "texture": "#0"},
				"south": {"uv": [1, 10.5, 7, 12], "texture": "#0"},
				"west": {"uv": [1, 10.5, 7, 12], "texture": "#0"},
				"up": {"uv": [1, 1, 7, 7], "texture": "#0"}
			}
		},
		{
			"from": [1, 3, 1],
			"to": [15, 8, 15],
			"faces": {
				"north": {"uv": [0.5, 12, 7.5, 14.5], "texture": "#0"},
				"east": {"uv": [0.5, 12, 7.5, 14.5], "texture": "#0"},
				"south": {"uv": [0.5, 12, 7.5, 14.5], "texture": "#0"},
				"west": {"uv": [0.5, 12, 7.5, 14.5], "texture": "#0"},
				"up": {"uv": [0.5, 0.5, 7.5, 7.5], "texture": "#0"},
				"down": {"uv": [8.5, 8.5, 15.5, 15.5], "texture": "#0"}
			}
		},
		{
			"from": [2, 1, 2],
			"to": [14, 3, 14],
			"faces": {
				"north": {"uv": [1, 14.5, 7, 15.5], "texture": "#0"},
				"east": {"uv": [1, 14.5, 7, 15.5], "texture": "#0"},
				"south": {"uv": [1, 14.5, 7, 15.5], "texture": "#0"},
				"west": {"uv": [1, 14.5, 7, 15.5], "texture": "#0"},
				"down": {"uv": [9, 9, 15, 15], "texture": "#0"}
			}
		},
		{
			"from": [3, 0, 3],
			"to": [13, 1, 13],
			"faces": {
				"north": {"uv": [1.5, 15.5, 6.5, 16], "texture": "#0"},
				"east": {"uv": [1.5, 15.5, 6.5, 16], "texture": "#0"},
				"south": {"uv": [1.5, 15.5, 6.5, 16], "texture": "#0"},
				"west": {"uv": [1.5, 15.5, 6.5, 16], "texture": "#0"},
				"down": {"uv": [9.5, 9.5, 14.5, 14.5], "texture": "#0"}
			}
		}
	],
	"groups": [
		{
			"name": "ghast_egg",
			"origin": [8, 8, 8],
			"color": 0,
			"nbt": "{}",
			"children": [0, 1, 2, 3, 4, 5, 6, 7]
		}
	]
}